file_name,transcription
sjd20070000NEA_vinogradova-i2007a-01Imprint_01.wav,Миннькай
sjd20070000NEA_vinogradova-i2007a-01Imprint_02.wav,паррнэ гуэйкэ стиха книга
sjd20070000NEA_vinogradova-i2007a-01Imprint_03.wav,кырьйха ли Ыришшьк Виноградова
sjd20070000NEA_vinogradova-i2007a-01Imprint_04.wav,художнэһкь Валентина Совкина
sjd20070000NEA_vinogradova-i2007a-01Imprint_05.wav,килт самь кил редактэр я корректор ли Нина Афанасьева
sjd20070000NEA_vinogradova-i2007a-01Imprint_06.wav,тэдта кыррьй ли выййтма Таввял Кыррьясьт
sjd20070000NEA_vinogradova-i2007a-01Imprint_07.wav,ныммьп тоафант коалмант ыгесьт
sjd20070000NEA_vinogradova-i2007a-01Imprint_08.wav,лоагк Нина Афанасьева
sjd20070000NEA_vinogradova-i2007a-02Miinnjkaj_01.wav,Миннькай
sjd20070000NEA_vinogradova-i2007a-02Miinnjkaj_02.wav,мин уцкэньч Миннькай
sjd20070000NEA_vinogradova-i2007a-02Miinnjkaj_03.wav,шоабашт лаввлэ пляссъе нюччкэ
sjd20070000NEA_vinogradova-i2007a-02Miinnjkaj_04.wav,Миннькай весслэнне пырс чуанн
sjd20070000NEA_vinogradova-i2007a-02Miinnjkaj_05.wav,Элля вигк сон ессктэ
sjd20070000NEA_vinogradova-i2007a-02Miinnjkaj_06.wav,ныдтҍ тэль водт ныдтҍ
sjd20070000NEA_vinogradova-i2007a-02Miinnjkaj_07.wav,лянньч нийтням пырс пай чоннэ
sjd20070000NEA_vinogradova-i2007a-02Miinnjkaj_08.wav,быдаһч пэ ё ёанхуввэ
sjd20070000NEA_vinogradova-i2007a-02Miinnjkaj_09.wav,соарнэ ниййтась еннҍ
sjd20070000NEA_vinogradova-i2007a-02Miinnjkaj_10.wav,лышэ Миннькай элля ессктэ
sjd20070000NEA_vinogradova-i2007a-02Miinnjkaj_11.wav,ныдтҍ тэль водт ныдтҍ
sjd20070000NEA_vinogradova-i2007a-02Miinnjkaj_12.wav,еск тони чоннмэнҍ годтҍ тэль нюлл
sjd20070000NEA_vinogradova-i2007a-02Miinnjkaj_13.wav,пэря ляһч пэ шэльтэтҍ поажчекь
sjd20070000NEA_vinogradova-i2007a-02Miinnjkaj_14.wav,угьлест оака сеннтма соннӭ саррн
sjd20070000NEA_vinogradova-i2007a-02Miinnjkaj_15.wav,пай шэ Миннькай эйй вуэй есскэ
sjd20070000NEA_vinogradova-i2007a-02Miinnjkaj_16.wav,ныдтҍ тэль водт ныдтҍ
sjd20070000NEA_vinogradova-i2007a-02Miinnjkaj_17.wav,аджесь письтэ инха рэмэнҍ
sjd20070000NEA_vinogradova-i2007a-02Miinnjkaj_18.wav,Миннькай оантэшьт санҍха тэнн
sjd20070000NEA_vinogradova-i2007a-02Miinnjkaj_19.wav,юавв шэнтэ тэсьт шэ пэҏтэсьт
sjd20070000NEA_vinogradova-i2007a-02Miinnjkaj_20.wav,ныдтҍ тэль водт ныдтҍ
sjd20070000NEA_vinogradova-i2007a-02Miinnjkaj_21.wav,мин уцкай Миннькай
sjd20070000NEA_vinogradova-i2007a-02Miinnjkaj_22.wav,шоабашт лаввлэ пляссъе нюччкэ
sjd20070000NEA_vinogradova-i2007a-02Miinnjkaj_23.wav,ноэ пиррсэсьт пукэнҍ туй лев
sjd20070000NEA_vinogradova-i2007a-02Miinnjkaj_24.wav,Миннькай воальтэ васст
sjd20070000NEA_vinogradova-i2007a-02Miinnjkaj_25.wav,э ныдтҍ тэль водт ныдтҍ
sjd20070000NEA_vinogradova-i2007a-03Oahkanjam_01.wav,оаһканям
sjd20070000NEA_vinogradova-i2007a-03Oahkanjam_02.wav,оаһка оаһка оаһканям
sjd20070000NEA_vinogradova-i2007a-03Oahkanjam_03.wav,мун коаллэш оаһканям
sjd20070000NEA_vinogradova-i2007a-03Oahkanjam_04.wav,мэййт гыс оаһканям мун вуэлльктэгкь тонн
sjd20070000NEA_vinogradova-i2007a-03Oahkanjam_05.wav,лосса ли мыннӭ оаһканям
sjd20070000NEA_vinogradova-i2007a-03Oahkanjam_06.wav,тонха оххта ныдтҍ
sjd20070000NEA_vinogradova-i2007a-03Oahkanjam_07.wav,кассть ляк тонн мун коаллэш
sjd20070000NEA_vinogradova-i2007a-03Oahkanjam_08.wav,пуэдҍ пэҏҏьтэ оаһканям
sjd20070000NEA_vinogradova-i2007a-03Oahkanjam_09.wav,поашта шоаӈькэтҍ мунн
sjd20070000NEA_vinogradova-i2007a-03Oahkanjam_10.wav,тулльтсэлант ё чоайй
sjd20070000NEA_vinogradova-i2007a-03Oahkanjam_11.wav,оаҏсэһчем пэ аввта куаһтас
sjd20070000NEA_vinogradova-i2007a-03Oahkanjam_12.wav,милкнесьт туввсэгуэйм
sjd20070000NEA_vinogradova-i2007a-03Oahkanjam_13.wav,автчем пэ пулле чоаенҍ мин иӈкэдан я рыд
sjd20070000NEA_vinogradova-i2007a-03Oahkanjam_14.wav,уккьсе тагклэш
sjd20070000NEA_vinogradova-i2007a-03Oahkanjam_15.wav,можэ тэдта тонн ляк оаһка
sjd20070000NEA_vinogradova-i2007a-03Oahkanjam_16.wav,эйй
sjd20070000NEA_vinogradova-i2007a-03Oahkanjam_17.wav,тэдта лышэ коашштадт мыннӭ
sjd20070000NEA_vinogradova-i2007a-03Oahkanjam_18.wav,пугк ли айвас пырр
sjd20070000NEA_vinogradova-i2007a-03Oahkanjam_19.wav,мунн оара пядцлужна
sjd20070000NEA_vinogradova-i2007a-08Niina_01.wav,Нина веһкь
sjd20070000NEA_vinogradova-i2007a-08Niina_02.wav,менн лыһк Марьй оаһка
sjd20070000NEA_vinogradova-i2007a-08Niina_03.wav,Марьй оаһка уһц оаһкэв
sjd20070000NEA_vinogradova-i2007a-08Niina_04.wav,ли Нинасьт шувв наһпь
sjd20070000NEA_vinogradova-i2007a-08Niina_05.wav,наһпь Нина туллье матҍ
sjd20070000NEA_vinogradova-i2007a-08Niina_06.wav,Нина ли шувв веһкь
sjd20070000NEA_vinogradova-i2007a-08Niina_07.wav,пай шэ сонэсьт выйтэ реһкь
sjd20070000NEA_vinogradova-i2007a-08Niina_08.wav,эххт наһпь мурртэй
sjd20070000NEA_vinogradova-i2007a-08Niina_09.wav,мэнн Нина юрьтэ
sjd20070000NEA_vinogradova-i2007a-09Mun_01.wav,мун алтэнч
sjd20070000NEA_vinogradova-i2007a-09Mun_02.wav,тэдта ли мун алтэнч
sjd20070000NEA_vinogradova-i2007a-09Mun_03.wav,мыйй лебпь каннҍц сонн я мунн
sjd20070000NEA_vinogradova-i2007a-09Mun_04.wav,татак сонэнҍ каннҍвуд выгкэ
sjd20070000NEA_vinogradova-i2007a-09Mun_05.wav,танна удла шоабшасьт сон
sjd20070000NEA_vinogradova-i2007a-10Logktedmussh_01.wav,логктэдтмушш
sjd20070000NEA_vinogradova-i2007a-10Logktedmussh_02.wav,эххт
sjd20070000NEA_vinogradova-i2007a-10Logktedmussh_03.wav,куһт
sjd20070000NEA_vinogradova-i2007a-10Logktedmussh_04.wav,коллм нелльй выдт
sjd20070000NEA_vinogradova-i2007a-10Logktedmussh_05.wav,оалкха тинэтҍ логкэ мунн
sjd20070000NEA_vinogradova-i2007a-10Logktedmussh_06.wav,мыйй сиррэпь
sjd20070000NEA_vinogradova-i2007a-10Logktedmussh_07.wav,мунн тонн сонн
sjd20070000NEA_vinogradova-i2007a-10Logktedmussh_08.wav,тонн ляк водтэй
sjd20070000NEA_vinogradova-i2007a-10Logktedmussh_09.wav,мыйй пугк поаччкэпь
sjd20070000NEA_vinogradova-i2007a-11Mun_01.wav,мун коаллэш сиря
sjd20070000NEA_vinogradova-i2007a-11Mun_02.wav,мунэсьт ли еннэ сирядтӭ
sjd20070000NEA_vinogradova-i2007a-11Mun_03.wav,ноэ
sjd20070000NEA_vinogradova-i2007a-11Mun_04.wav,эххт ли пукэ пэррьмусса
sjd20070000NEA_vinogradova-i2007a-11Mun_05.wav,нюэммля
sjd20070000NEA_vinogradova-i2007a-11Mun_06.wav,сонн ли годтҍ елльмэнҍ
sjd20070000NEA_vinogradova-i2007a-11Mun_07.wav,мун коаллшэмусс плюшэвэ нюэммля
sjd20070000NEA_vinogradova-i2007a-12Mun_01.wav,мун кудца Ада
sjd20070000NEA_vinogradova-i2007a-12Mun_02.wav,ли мунэсьт удць кудца
sjd20070000NEA_vinogradova-i2007a-12Mun_03.wav,нюххчма ли слоэнсьт руппса
sjd20070000NEA_vinogradova-i2007a-12Mun_04.wav,нюна ли пуэлэнч налла
sjd20070000NEA_vinogradova-i2007a-12Mun_05.wav,сеййп ли сонэсьт куэӆьценҍ
sjd20070000NEA_vinogradova-i2007a-12Mun_06.wav,уййнлэдэм сонэнҍ чуһкса альн
sjd20070000NEA_vinogradova-i2007a-12Mun_07.wav,я тэнн шэ ханна каннҍцлувэм
sjd20070000NEA_vinogradova-i2007a-12Mun_08.wav,пыһтӭ кудца пеҏьтэ мунн
sjd20070000NEA_vinogradova-i2007a-12Mun_09.wav,эннҍтӭ кудцне Ада нэм
sjd20070000NEA_vinogradova-i2007a-12Mun_10.wav,ли мунэсьт кудца Ада
sjd20070000NEA_vinogradova-i2007a-12Mun_11.wav,сонн ли чофта удцьха
sjd20070000NEA_vinogradova-i2007a-12Mun_12.wav,коз ёада мунн
sjd20070000NEA_vinogradova-i2007a-12Mun_13.wav,тоагэ карр мун кудца Ада
sjd20070000NEA_vinogradova-i2007a-12Mun_14.wav,мунн тон удца
sjd20070000NEA_vinogradova-i2007a-12Mun_15.wav,мун миллвэсь удць кудца
sjd20070000NEA_vinogradova-i2007a-12Mun_16.wav,оар мун луннҍ
sjd20070000NEA_vinogradova-i2007a-12Mun_17.wav,я куллтэл мун
sjd20070000NEA_vinogradova-i2007a-12Mun_18.wav,куэссь вуэлка варра
sjd20070000NEA_vinogradova-i2007a-12Mun_19.wav,тонн милльтэ кар
sjd20070000NEA_vinogradova-i2007a-12Mun_20.wav,куэссь варесьт када
sjd20070000NEA_vinogradova-i2007a-12Mun_21.wav,танна оз мун варесьт Ада
sjd20070000NEA_vinogradova-i2007a-13Yrishjk_01.wav,Ыришьк коаммгэе барс
sjd20070000NEA_vinogradova-i2007a-13Yrishjk_02.wav,моджесь коаммгатҍ камашатҍ
sjd20070000NEA_vinogradova-i2007a-13Yrishjk_03.wav,мин ыришькайе коавнэм мыйй
sjd20070000NEA_vinogradova-i2007a-13Yrishjk_04.wav,мерьдӭсьтэ синэтҍ нийтэнч
sjd20070000NEA_vinogradova-i2007a-13Yrishjk_05.wav,нючкэшкуэдӭ гу вуэррьвэнч
sjd20070000NEA_vinogradova-i2007a-13Yrishjk_06.wav,милле выррэнҍ Ыришькайе
sjd20070000NEA_vinogradova-i2007a-13Yrishjk_07.wav,тэгка моджесь одт коаммгэнч
sjd20070000NEA_vinogradova-i2007a-13Yrishjk_08.wav,ноэ воалльтешь тэйта коаммгатҍ мин пэһч Ыришькаесьт
sjd20070000NEA_vinogradova-i2007a-13Yrishjk_09.wav,я соннӭ эннҍтэшь вуэммь коаммгатҍ
sjd20070000NEA_vinogradova-i2007a-13Yrishjk_10.wav,чофта Ыришшьк шоалэшьт
sjd20070000NEA_vinogradova-i2007a-13Yrishjk_11.wav,тэйта моджесь коаммгатҍ
sjd20070000NEA_vinogradova-i2007a-13Yrishjk_12.wav,э коххт шэ татэ Ыришшьк
sjd20070000NEA_vinogradova-i2007a-13Yrishjk_13.wav,тэсьт шэ синэтҍ лафькесьт цагке
sjd20070000NEA_vinogradova-i2007a-13Yrishjk_14.wav,штобэ шэннтэ пукэ эвтэсьт моджесь нийтанҍ
sjd20070000NEA_vinogradova-i2007a-13Yrishjk_15.wav,ведтҍ пукэтҍ коаммга миллсуввенҍ
sjd20070000NEA_vinogradova-i2007a-13Yrishjk_16.wav,ноэ еннӭсь моджесь коаммгатҍ
sjd20070000NEA_vinogradova-i2007a-13Yrishjk_17.wav,удла Ыришькаесьт суӎка пеҋтэль
sjd20070000NEA_vinogradova-i2007a-13Yrishjk_18.wav,мыйй тиӈькэтҍ моакксма лебпь
sjd20070000NEA_vinogradova-i2007a-13Yrishjk_19.wav,коррба милльтан тоабхэбпь
sjd20070000NEA_vinogradova-i2007a-13Yrishjk_20.wav,я энҍтэмь коррба Ыришькайе кидтӭ
sjd20070000NEA_vinogradova-i2007a-13Yrishjk_21.wav,ведтҍ тамьпе лийенҍ сон одт коаммга
sjd20070000NEA_vinogradova-i2007a-13Yrishjk_22.wav,олкэс выййтэ мыйй ебпь эсстма
sjd20070000NEA_vinogradova-i2007a-13Yrishjk_23.wav,коххт пуӆтэш эл сонн ышштэль
sjd20070000NEA_vinogradova-i2007a-13Yrishjk_24.wav,коррбэнч вэххтэнне сонн оавведҍ
sjd20070000NEA_vinogradova-i2007a-13Yrishjk_25.wav,удлэнне одт коаммгатҍ тоабэдтҍ
sjd20070000NEA_vinogradova-i2007a-13Yrishjk_26.wav,я эльке синэтҍ удла цагке
sjd20070000NEA_vinogradova-i2007a-13Yrishjk_27.wav,на коххт вуайй гыс тулльедтэ
sjd20070000NEA_vinogradova-i2007a-13Yrishjk_28.wav,я ныдтҍ сонн кыҏтхэссьтэ
sjd20070000NEA_vinogradova-i2007a-13Yrishjk_29.wav,штэ ми ляннч тэста выйтэ
sjd20070000NEA_vinogradova-i2007a-13Yrishjk_30.wav,чуэннчель Ыришшьк юлькэ эл
sjd20070000NEA_vinogradova-i2007a-13Yrishjk_31.wav,коамматҍ сонн эйй томмтма
sjd20070000NEA_vinogradova-i2007a-13Yrishjk_32.wav,ныдтҍ цавьнсэнҍ моджесь коамма
sjd20070000NEA_vinogradova-i2007a-13Yrishjk_33.wav,Ыришькаесьт цебпятҍ юалканҍ
sjd20070000NEA_vinogradova-i2007a-13Yrishjk_34.wav,штэ тэсьт шэ рягэнҍт сонн
sjd20070000NEA_vinogradova-i2007a-13Yrishjk_35.wav,на коххт эйй олльвье абьесьт
sjd20070000NEA_vinogradova-i2007a-13Yrishjk_36.wav,я ми гыс шэнтэ синэгуэйм
sjd20070000NEA_vinogradova-i2007a-13Yrishjk_37.wav,можэ эннҍтэшь виресь коаммгатҍ
sjd20070000NEA_vinogradova-i2007a-13Yrishjk_38.wav,ноэ янан ведтҍ вусьтэм мыйй
sjd20070000NEA_vinogradova-i2007a-13Yrishjk_39.wav,а янан элля вуййлаһтӭ
sjd20070000NEA_vinogradova-i2007a-13Yrishjk_40.wav,на коххт шэ чуэннчле юллькэ эл
sjd20070000NEA_vinogradova-i2007a-13Yrishjk_41.wav,ныдтҍ сыйй чудзев Ыришькаесьт
sjd20070000NEA_vinogradova-i2007a-13Yrishjk_42.wav,тэйе нюэссь я тэгкесь коаммгэгуэйм
sjd20070000NEA_vinogradova-i2007a-13Yrishjk_43.wav,кэджьле пэ еннҍсэсьт соннӭ
sjd20070000NEA_vinogradova-i2007a-13Yrishjk_44.wav,пугк сонн ведтҍ шэ тедт
sjd20070000NEA_vinogradova-i2007a-13Yrishjk_45.wav,сонн шэ вуайй векьхэ соннӭ
sjd20070000NEA_vinogradova-i2007a-13Yrishjk_46.wav,куэссь мадта поабпалт ниййт
sjd20070000NEA_vinogradova-i2007a-13Yrishjk_47.wav,я еннӭсь пукэтҍ мушштэль ми шэнтэ сон удць нийтанҍ
sjd20070000NEA_vinogradova-i2007a-13Yrishjk_48.wav,нийтням
sjd20070000NEA_vinogradova-i2007a-13Yrishjk_49.wav,тон юалкэнч сягкнэнҍ ванас ванас
sjd20070000NEA_vinogradova-i2007a-13Yrishjk_50.wav,я ныдтҍ сыйй кыҏтхэнҍ
sjd20070000NEA_vinogradova-i2007a-13Yrishjk_51.wav,виресь пэҏҏьтӭ суӈӈэн сыйй
sjd20070000NEA_vinogradova-i2007a-13Yrishjk_52.wav,коаммгае эл вылльшэдтҍ тонн
sjd20070000NEA_vinogradova-i2007a-13Yrishjk_53.wav,танна иджь пугк оантшак Ыришшьк
sjd20070000NEA_vinogradova-i2007a-13Yrishjk_54.wav,тэсьт шэ уйнсэсьтэ Ыришшьк
sjd20070000NEA_vinogradova-i2007a-13Yrishjk_55.wav,муэййнлэсьтэ роамэсьт сонн
sjd20070000NEA_vinogradova-i2007a-13Yrishjk_56.wav,я зоабэль сон моджесь коаммга
sjd20070000NEA_vinogradova-i2007a-13Yrishjk_57.wav,ев киһчма канҍц коанҍцэсь эл
sjd20070000NEA_vinogradova-i2007a-13Yrishjk_58.wav,гу куһт суһтмэнч нийтэнч
sjd20070000NEA_vinogradova-i2007a-13Yrishjk_59.wav,ноэ лышэ сонн синэтҍ одтӭсь цоаге
sjd20070000NEA_vinogradova-i2007a-13Yrishjk_60.wav,тэсьт шэ муэййнлэсьтэ сонн
sjd20070000NEA_vinogradova-i2007a-13Yrishjk_61.wav,шиһтэль шэннҍтэнҍ аввта сыйй
sjd20070000NEA_vinogradova-i2007a-13Yrishjk_62.wav,сон юалканҍ моджесь коаммга
sjd20070000NEA_vinogradova-i2007a-13Yrishjk_63.wav,я киһчев сыйй канҍц коанҍцэсь эл
sjd20070000NEA_vinogradova-i2007a-13Yrishjk_64.wav,куһт моджесь коаммгэнч канҍц
sjd20070000NEA_vinogradova-i2007a-13Yrishjk_65.wav,одт я пай сыйй вуэӆӆькэв
sjd20070000NEA_vinogradova-i2007a-13Yrishjk_66.wav,гу шувв я эллмса каннҍц
sjd20070000NEA_vinogradova-i2007a-13Yrishjk_67.wav,на коххт гыс тэьст эль сиййнэ
sjd20070000NEA_vinogradova-i2007a-13Yrishjk_68.wav,ныдтҍ вессьлэнне ваннҍцэв сыйй
sjd20070000NEA_vinogradova-i2007a-14Chuennje_01.wav,чуэнне чуэнне
sjd20070000NEA_vinogradova-i2007a-14Chuennje_02.wav,чуэнне рягкэв га га га
sjd20070000NEA_vinogradova-i2007a-14Chuennje_03.wav,таһтэпь поррэ мыйй ныдтҍ ныдтҍ
sjd20070000NEA_vinogradova-i2007a-14Chuennje_04.wav,коаллэш мун оаһканям
sjd20070000NEA_vinogradova-i2007a-14Chuennje_05.wav,чуэнненҍ
sjd20070000NEA_vinogradova-i2007a-14Chuennje_06.wav,чофта пэла мунн
sjd20070000NEA_vinogradova-i2007a-14Chuennje_07.wav,выедтҍ поагэ чуэнне дант
sjd20070000NEA_vinogradova-i2007a-14Chuennje_08.wav,я валэсьт сыйе чоаза
sjd20070000NEA_vinogradova-i2007a-14Chuennje_09.wav,коадчесьт ижянт чуэнньгатҍ
sjd20070000NEA_vinogradova-i2007a-14Chuennje_10.wav,анҍ сыйй юлльсэв чоаза
sjd20070000NEA_vinogradova-i2007a-14Chuennje_11.wav,мин удць
sjd20070000NEA_vinogradova-i2007a-14Chuennje_12.wav,удць чуэнньга
sjd20070000NEA_vinogradova-i2007a-15Mun_01.wav,мун кузенч
sjd20070000NEA_vinogradova-i2007a-15Mun_02.wav,варра оаһканан мыйй воаррдэмь
sjd20070000NEA_vinogradova-i2007a-15Mun_03.wav,тамьпе лоаҋе мыннӭ сонн
sjd20070000NEA_vinogradova-i2007a-15Mun_04.wav,зоабэл эле балъедтмэннҍ
sjd20070000NEA_vinogradova-i2007a-15Mun_05.wav,удцьха кузенч
sjd20070000NEA_vinogradova-i2007a-15Mun_06.wav,кузенч мунэсьт ляйй вулльгэсь
sjd20070000NEA_vinogradova-i2007a-15Mun_07.wav,годтҍ я мунн
sjd20070000NEA_vinogradova-i2007a-15Mun_08.wav,соарнэ оака мыннӭ
sjd20070000NEA_vinogradova-i2007a-15Mun_09.wav,штобэ кузя шэннтътһче мунн
sjd20070000NEA_vinogradova-i2007a-15Mun_10.wav,аллк тэдт кузя паяс шэннтэ сонэнҍ я шуррнак тонн
sjd20070000NEA_vinogradova-i2007a-15Mun_11.wav,я шэнтэм эфтэсьт мыйй ыгесь ыгка
sjd20070000NEA_vinogradova-i2007a-15Mun_12.wav,мунн я мунэнҍ поаллса кузенч
sjd20070000NEA_vinogradova-i2007a-15Mun_13.wav,тэнна айкэст мэннма лев ё еннэ ыгке
sjd20070000NEA_vinogradova-i2007a-15Mun_14.wav,мун оаһка ё элля елльмэнҍ
sjd20070000NEA_vinogradova-i2007a-15Mun_15.wav,ноэ мунэнҍ кудтъе лев сон санҍ
sjd20070000NEA_vinogradova-i2007a-15Mun_16.wav,мун кузенч елльмэнҍ ли
sjd20070000NEA_vinogradova-i2007a-15Mun_17.wav,вуэллгэнне коаммрэла соннӭ
sjd20070000NEA_vinogradova-i2007a-15Mun_18.wav,самэ еммьне вуаннтэзэ райя
sjd20070000NEA_vinogradova-i2007a-17Chillktennje_01.wav,чиллктэнне чиллктэнне
sjd20070000NEA_vinogradova-i2007a-17Chillktennje_02.wav,чиллктэнне пассе кидэтҍ парррнэ
sjd20070000NEA_vinogradova-i2007a-17Chillktennje_03.wav,тыйй шэ лебпе пэррьмусса Эллмантэсьт
sjd20070000NEA_vinogradova-i2007a-17Chillktennje_04.wav,ноапетҍ чай мыйй воалнэпь
sjd20070000NEA_vinogradova-i2007a-17Chillktennje_05.wav,я вайймлэнне чай мыйй юлльсэпь
sjd20070000NEA_vinogradova-i2007a-17Chillktennje_06.wav,ныдтҍ ле нялькесь чайй
sjd20070000NEA_vinogradova-i2007a-17Chillktennje_07.wav,самэ напь вуэд райя чаян юлестҍ
sjd20070000NEA_vinogradova-i2007a-18Ku-ku_01.wav,ку ку
sjd20070000NEA_vinogradova-i2007a-18Ku-ku_02.wav,ку ку
sjd20070000NEA_vinogradova-i2007a-18Ku-ku_03.wav,ялл варесьт лоантэнч кигк
sjd20070000NEA_vinogradova-i2007a-18Ku-ku_04.wav,пукэйетҍ сонн ли каннҍц
sjd20070000NEA_vinogradova-i2007a-18Ku-ku_05.wav,пугк мыйй куллэпь киг
sjd20070000NEA_vinogradova-i2007a-18Ku-ku_06.wav,сонн мыйе пукэтҍ рягк
sjd20070000NEA_vinogradova-i2007a-18Ku-ku_07.wav,ку ку
sjd20070000NEA_vinogradova-i2007a-18Ku-ku_08.wav,ку ку
sjd20070000NEA_vinogradova-i2007a-18Ku-ku_09.wav,ку ку
sjd20070000NEA_vinogradova-i2007a-18Ku-ku_10.wav,ныдтҍ сонн минэнҍ ыгетҍ лоагк
sjd20070000NEA_vinogradova-i2007a-19Choafen_01.wav,чоафэн
sjd20070000NEA_vinogradova-i2007a-19Choafen_02.wav,поассяй лоаннҍт ли чоафэн
sjd20070000NEA_vinogradova-i2007a-19Choafen_03.wav,ни кенн эйй уйн сонн варесьт
sjd20070000NEA_vinogradova-i2007a-19Choafen_04.wav,оарр сонн варесьт ревклуввма
sjd20070000NEA_vinogradova-i2007a-19Choafen_05.wav,кугкь пай инха оарр
sjd20070000NEA_vinogradova-i2007a-19Choafen_06.wav,лышэ рягант ыгка мудтмэшьт
sjd20070000NEA_vinogradova-i2007a-19Choafen_07.wav,чальм сонэсьт пыӆӆькэв
sjd20070000NEA_vinogradova-i2007a-19Choafen_08.wav,пугк сыйй таһтэв уййнэ
sjd20070000NEA_vinogradova-i2007a-19Choafen_09.wav,пыӆӆькэв годтҍ руччкэсь шар
sjd20070000NEA_vinogradova-i2007a-19Choafen_10.wav,кыррьтал милкнесьт ыгка мяһца
sjd20070000NEA_vinogradova-i2007a-19Choafen_11.wav,штобэ саһплиӈьк тамьпе шылле
sjd20070000NEA_vinogradova-i2007a-20Vacjnja_01.wav,Вацьна
sjd20070000NEA_vinogradova-i2007a-20Vacjnja_02.wav,мин коазя Вацьнa шоабашт чофта вессьлушшэ
sjd20070000NEA_vinogradova-i2007a-20Vacjnja_03.wav,кебльлятҍ саһплиӈӈьк поабпал
sjd20070000NEA_vinogradova-i2007a-20Vacjnja_04.wav,коазя Вацьна сонэнҍ сиррэ аллк
sjd20070000NEA_vinogradova-i2007a-21Dog_01.wav,аррьвдэг
sjd20070000NEA_vinogradova-i2007a-21Dog_02.wav,руппьсесь субпесь ёррп палэньч нючкнэлле вэз милльтэ нюччк
sjd20070000NEA_vinogradova-i2007a-21Dog_03.wav,палэньч чилмасгуэйм муэзант
sjd20070000NEA_vinogradova-i2007a-21Dog_04.wav,угк
sjd20070000NEA_vinogradova-i2007a-21Dog_05.wav,кэшкнадт
sjd20070000NEA_vinogradova-i2007a-21Dog_06.wav,пэҏҏьтэ эйй лушьт
sjd20070000NEA_vinogradova-i2007a-21Dog_07.wav,аррьвдэгке ке ли сонн
sjd20070000NEA_vinogradova-i2007a-21Dog_08.wav,пеннэ
sjd20070000NEA_vinogradova-i2007a-22Ball_01.wav,шурр мунн лям я удць
sjd20070000NEA_vinogradova-i2007a-22Ball_02.wav,ёррьпьесь я удлэсь
sjd20070000NEA_vinogradova-i2007a-22Ball_03.wav,сирэсьт вессьля муннэ элля нике
sjd20070000NEA_vinogradova-i2007a-22Ball_04.wav,я югке наллшэм ыввня ля мунн
sjd20070000NEA_vinogradova-i2007a-22Ball_05.wav,тэ алехь
sjd20070000NEA_vinogradova-i2007a-22Ball_06.wav,тэ руппьсесь
sjd20070000NEA_vinogradova-i2007a-22Ball_07.wav,я аббьр юкс ывнь налла ля
sjd20070000NEA_vinogradova-i2007a-22Ball_08.wav,я коале вуэллктэлэтҍ мун
sjd20070000NEA_vinogradova-i2007a-22Ball_09.wav,выммьдува паяс гу лоантэнч
sjd20070000NEA_vinogradova-i2007a-22Ball_10.wav,маӈӈа гу нюэммьля
sjd20070000NEA_vinogradova-i2007a-22Ball_11.wav,нючка суййн пялтая милльтэ
sjd20070000NEA_vinogradova-i2007a-22Ball_12.wav,ке ля мунн
sjd20070000NEA_vinogradova-i2007a-22Ball_13.wav,тата тиненҍ кэджьле
sjd20070000NEA_vinogradova-i2007a-22Ball_14.wav,палл
sjd20070000NEA_vinogradova-i2007a-23Bear_01.wav,яла мунн севьнӭсь варрь собпэсьт
sjd20070000NEA_vinogradova-i2007a-23Bear_02.wav,тоҏҏк ли мунэсьт чофта вугкесь
sjd20070000NEA_vinogradova-i2007a-23Bear_03.wav,иджь мунн ля тоавас чутҍ 
sjd20070000NEA_vinogradova-i2007a-23Bear_04.wav,ванца поаннь маӈӈь юльке альн
sjd20070000NEA_vinogradova-i2007a-23Bear_05.wav,таввьлесьт мун вилльй гыс ялл
sjd20070000NEA_vinogradova-i2007a-23Bear_06.wav,шоабашт сонн мерэсьт вуйнэ
sjd20070000NEA_vinogradova-i2007a-23Bear_07.wav,чед ыгь виллькесь тоҏк сонн оанн
sjd20070000NEA_vinogradova-i2007a-23Bear_08.wav,кегк шэ мыйй лебпь
sjd20070000NEA_vinogradova-i2007a-23Bear_09.wav,аррьвдэгке удла
sjd20070000NEA_vinogradova-i2007a-23Bear_10.wav,руччкесь я виллькесь тал
sjd20070000NEA_vinogradova-i2007a-24Cat_01.wav,шоабша эһkan альн мунн оаррэ
sjd20070000NEA_vinogradova-i2007a-24Cat_02.wav,эллмант чед эһкан киһче
sjd20070000NEA_vinogradova-i2007a-24Cat_03.wav,особливэ куэссь чед пэвлэ нюленьч
sjd20070000NEA_vinogradova-i2007a-24Cat_04.wav,пеййв мыннӭ эһкнэ луашшт
sjd20070000NEA_vinogradova-i2007a-24Cat_05.wav,аввтал пяйвэньч мун поаһк нюлэнҍ
sjd20070000NEA_vinogradova-i2007a-24Cat_06.wav,нагрьува пейв кэсскэнҍ мунн
sjd20070000NEA_vinogradova-i2007a-24Cat_07.wav,эмм пэл мунн валас кэһчмэнҍ
sjd20070000NEA_vinogradova-i2007a-24Cat_08.wav,ведтҍ мунн ля
sjd20070000NEA_vinogradova-i2007a-24Cat_09.wav,коасс
sjd20070000NEA_vinogradova-i2007a-25Dog_01.wav,крыльцэ альн оара мунн
sjd20070000NEA_vinogradova-i2007a-25Dog_02.wav,хозьнэнҍ пэҏт коарвэла мунн
sjd20070000NEA_vinogradova-i2007a-25Dog_03.wav,мэн рай коале пуррьвудэнҍ ёадак
sjd20070000NEA_vinogradova-i2007a-25Dog_04.wav,коале нюэссьвудэнҍ пуадак тонн
sjd20070000NEA_vinogradova-i2007a-25Dog_05.wav,ныдтҍ мунн алка ырршэ угкэ
sjd20070000NEA_vinogradova-i2007a-25Dog_06.wav,суррькадта ёамемь райя
sjd20070000NEA_vinogradova-i2007a-25Dog_07.wav,Надэль цеӆьк удла ке ля мунн
sjd20070000NEA_vinogradova-i2007a-25Dog_08.wav,куэдҍ пынней пеннэ
sjd20070000NEA_vinogradova-i2007a-26Airplane_01.wav,тыгквэннҍ лоаннҍт ли
sjd20070000NEA_vinogradova-i2007a-26Airplane_02.wav,я суэй
sjd20070000NEA_vinogradova-i2007a-26Airplane_03.wav,я сеййп сонэсьт лев
sjd20070000NEA_vinogradova-i2007a-26Airplane_04.wav,альм милльтэ вэххтэнне кыррт
sjd20070000NEA_vinogradova-i2007a-26Airplane_05.wav,я аббьр паль
sjd20070000NEA_vinogradova-i2007a-26Airplane_06.wav,я мунне паль
sjd20070000NEA_vinogradova-i2007a-26Airplane_07.wav,пукэтҍ сонн кэрхалл
sjd20070000NEA_vinogradova-i2007a-26Airplane_08.wav,колм-аххц еммне туэгка
sjd20070000NEA_vinogradova-i2007a-26Airplane_09.wav,ке тэнна лоанҍт тедт
sjd20070000NEA_vinogradova-i2007a-26Airplane_10.wav,ке удла цяӆӆк тэдта е вуаҋҋт
sjd20070000NEA_vinogradova-i2007a-26Airplane_11.wav,самлёһт
sjd20070000NEA_vinogradova-i2007a-27Snowflakes_01.wav,виллькесь уйва чуэннэв кыррьтэв
sjd20070000NEA_vinogradova-i2007a-27Snowflakes_02.wav,мэнн верьт сыйе уйвнедтӭ ли
sjd20070000NEA_vinogradova-i2007a-27Snowflakes_03.wav,элля логкэм налла мыннӭ
sjd20070000NEA_vinogradova-i2007a-27Snowflakes_04.wav,кэдчнэв альмэсьт шедтӭдтэв мун эл
sjd20070000NEA_vinogradova-i2007a-27Snowflakes_05.wav,тэль я кидт коаллдэг эл милкнесьт сяййвэль эххт
sjd20070000NEA_vinogradova-i2007a-27Snowflakes_06.wav,аввьда кидт коаллдэг
sjd20070000NEA_vinogradova-i2007a-27Snowflakes_07.wav,я уйвэньч тэнн шэ часс чадзенҍ шэнтэ
sjd20070000NEA_vinogradova-i2007a-27Snowflakes_08.wav,ми ли мугка тыгквэнэтҍ
sjd20070000NEA_vinogradova-i2007a-27Snowflakes_09.wav,ку альмэсьт кэдчант
sjd20070000NEA_vinogradova-i2007a-27Snowflakes_10.wav,мун я еммне эл
sjd20070000NEA_vinogradova-i2007a-27Snowflakes_11.wav,я нагьруввма варь эл
sjd20070000NEA_vinogradova-i2007a-27Snowflakes_12.wav,аррьвдэгке удла тыйй
sjd20070000NEA_vinogradova-i2007a-27Snowflakes_13.wav,вэдз чалма
sjd20070000NEA_vinogradova-i2007a-28Hunter_01.wav,пейв омпан мунн ля чарэсьт
sjd20070000NEA_vinogradova-i2007a-28Hunter_02.wav,коаллэш пеннэ пай ли милльтан
sjd20070000NEA_vinogradova-i2007a-28Hunter_03.wav,я пыссенч ноавьтэ гуэййкэ
sjd20070000NEA_vinogradova-i2007a-28Hunter_04.wav,ке ля мунн
sjd20070000NEA_vinogradova-i2007a-28Hunter_05.wav,вуэсстэль удла тонн
sjd20070000NEA_vinogradova-i2007a-28Hunter_06.wav,меһцьля
sjd20070000NEA_vinogradova-i2007a-29Ice_skates_01.wav,куһт ябпша лев мунэсьт юлькэнҍ
sjd20070000NEA_vinogradova-i2007a-29Ice_skates_02.wav,элля цаввьцэ синэтҍ мыннӭ иӈ альн
sjd20070000NEA_vinogradova-i2007a-29Ice_skates_03.wav,коале вуая син альн чуэннче мунн
sjd20070000NEA_vinogradova-i2007a-29Ice_skates_04.wav,танна и пиӈькэй эйй линнче юкксэ мун
sjd20070000NEA_vinogradova-i2007a-29Ice_skates_05.wav,коххт руэняс ли синэгуэйм пляссъе
sjd20070000NEA_vinogradova-i2007a-29Ice_skates_06.wav,маннҍтэ мугка ябпшэнч сыйй лев
sjd20070000NEA_vinogradova-i2007a-29Ice_skates_07.wav,вуаяк ле тонн цеӆӆькэ
sjd20070000NEA_vinogradova-i2007a-29Ice_skates_08.wav,коаннька
sjd20070000NEA_vinogradova-i2007a-30Eyes_01.wav,поалльтэ сыйй лев я раст
sjd20070000NEA_vinogradova-i2007a-30Eyes_02.wav,кэсска синэ поавна шэннтмэньч ли
sjd20070000NEA_vinogradova-i2007a-30Eyes_03.wav,Лыһкэв сыйй эххтса туйетҍ
sjd20070000NEA_vinogradova-i2007a-30Eyes_04.wav,коале элля вофсе чоаһптэсс
sjd20070000NEA_vinogradova-i2007a-30Eyes_05.wav,ыгка вуэдтӭв куһта роаввсэнне
sjd20070000NEA_vinogradova-i2007a-30Eyes_06.wav,лоаҋев парнатҍ негкмужэтҍ
sjd20070000NEA_vinogradova-i2007a-30Eyes_07.wav,инца аввта робэһт пуадт
sjd20070000NEA_vinogradova-i2007a-30Eyes_08.wav,пугк уйнсэч таһтэв сыйй
sjd20070000NEA_vinogradova-i2007a-30Eyes_09.wav,тидтҍбэдтӭ синэтҍ тыйй
sjd20070000NEA_vinogradova-i2007a-30Eyes_10.wav,вуэсстлэмуж мунн вуэрта
sjd20070000NEA_vinogradova-i2007a-30Eyes_11.wav,чальм
sjd20070000NEA_vinogradova-i2007a-31Ptarmigan_01.wav,пэйель яввьр я ёгеньч
sjd20070000NEA_vinogradova-i2007a-31Ptarmigan_02.wav,пяҋҋт ижесь сайя
sjd20070000NEA_vinogradova-i2007a-31Ptarmigan_03.wav,виллькесь лоантэньч кыррт
sjd20070000NEA_vinogradova-i2007a-31Ptarmigan_04.wav,я мисстэгэ вуэла веджь
sjd20070000NEA_vinogradova-i2007a-31Ptarmigan_05.wav,руппьсесь реммсэнҍ муэзант
sjd20070000NEA_vinogradova-i2007a-31Ptarmigan_06.wav,я нийт канҍцэсь сирхэлант
sjd20070000NEA_vinogradova-i2007a-31Ptarmigan_07.wav,эфтэсьт руэньса ли талльва
sjd20070000NEA_vinogradova-i2007a-31Ptarmigan_08.wav,вэзэнҍ аййда чарэсьт елле
sjd20070000NEA_vinogradova-i2007a-31Ptarmigan_09.wav,цеӆьк удла ке ли сонн
sjd20070000NEA_vinogradova-i2007a-31Ptarmigan_10.wav,рыһп
sjd20070000NEA_vinogradova-i2007a-32Viiljkjesj_01.wav,виллькесь оассэтҍ талльва ли цагкма
sjd20070000NEA_vinogradova-i2007a-32Viiljkjesj_02.wav,руэнн оасскэтҍ цагк сонн кыдта я кесся
sjd20070000NEA_vinogradova-i2007a-32Viiljkjesj_03.wav,чеххча шаннт сонн руччкесь руппса
sjd20070000NEA_vinogradova-i2007a-32Viiljkjesj_04.wav,я аввта виллкнаннт талльва сонн
sjd20070000NEA_vinogradova-i2007a-32Viiljkjesj_05.wav,чед ыгь поҏтад сонн тон я мун
sjd20070000NEA_vinogradova-i2007a-32Viiljkjesj_06.wav,ке ли тэдта минэтҍ поҏтътэй
sjd20070000NEA_vinogradova-i2007a-32Viiljkjesj_07.wav,аррьведҍ удла тонн
sjd20070000NEA_vinogradova-i2007a-32Viiljkjesj_08.wav,еммьне
sjd20070000NEA_vinogradova-i2007a-33Kaancanch_01.wav,канцэньч чуэннч
sjd20070000NEA_vinogradova-i2007a-33Kaancanch_02.wav,руппьсесь кабпренҍ
sjd20070000NEA_vinogradova-i2007a-33Kaancanch_03.wav,сада мадта шэннтмэньч
sjd20070000NEA_vinogradova-i2007a-33Kaancanch_04.wav,оанндадт сонн куашша сыз чоаӈӈэ
sjd20070000NEA_vinogradova-i2007a-33Kaancanch_05.wav,аррьвэдҍ удла ми ли тэдта
sjd20070000NEA_vinogradova-i2007a-33Kaancanch_06.wav,кумпар
sjd20070000NEA_vinogradova-i2007a-34Moodzhje_01.wav,модже ли кесся
sjd20070000NEA_vinogradova-i2007a-34Moodzhje_02.wav,руэнас туввнэдтма ли
sjd20070000NEA_vinogradova-i2007a-34Moodzhje_03.wav,э чеххча омпа коалесьт вуаӆӆк
sjd20070000NEA_vinogradova-i2007a-34Moodzhje_04.wav,талльва ли пальяс пай сонн
sjd20070000NEA_vinogradova-i2007a-34Moodzhje_05.wav,э байнаст гыс поарласт
sjd20070000NEA_vinogradova-i2007a-34Moodzhje_06.wav,тирвасвуд лоаҋҋласт тоннӭ сонн
sjd20070000NEA_vinogradova-i2007a-34Moodzhje_07.wav,аррьвэдҍ удла ми ли тэдта
sjd20070000NEA_vinogradova-i2007a-34Moodzhje_08.wav,пессь мурр
sjd20070000NEA_vinogradova-i2007a-35Frost_01.wav,элля чушшк я элля пеннэ
sjd20070000NEA_vinogradova-i2007a-35Frost_02.wav,ноэ мугка коаццкчэдтэй ли
sjd20070000NEA_vinogradova-i2007a-35Frost_03.wav,каццк пильетҍ чибпай нюнҍ
sjd20070000NEA_vinogradova-i2007a-35Frost_04.wav,нюэзе мэнн поасс пеннэ
sjd20070000NEA_vinogradova-i2007a-35Frost_05.wav,соаг эйй цеӆьк мыйе сонн
sjd20070000NEA_vinogradova-i2007a-35Frost_06.wav,выяһт пукэтҍ пэҏтэ милльтэ
sjd20070000NEA_vinogradova-i2007a-35Frost_07.wav,я сон ни кез элля уййнҍмэнҍ
sjd20070000NEA_vinogradova-i2007a-35Frost_08.wav,коххт пырс ель киченҍт тонн
sjd20070000NEA_vinogradova-i2007a-35Frost_09.wav,тедак ле ке ли сонн
sjd20070000NEA_vinogradova-i2007a-35Frost_10.wav,мунь
sjd20070000NEA_vinogradova-i2007a-36Vuujna_01.wav,вуйна удлэнне я кеһпьсэнне мунн
sjd20070000NEA_vinogradova-i2007a-36Vuujna_02.wav,мерэнҍ ёаврэнҍ вуэенҍ я океанэнҍ
sjd20070000NEA_vinogradova-i2007a-36Vuujna_03.wav,мунэсьт ли чуввесь сыллп чумас
sjd20070000NEA_vinogradova-i2007a-36Vuujna_04.wav,ку чофта чофта пейвэсьт вуаӆӆк
sjd20070000NEA_vinogradova-i2007a-36Vuujna_05.wav,мудта вуэр ныдтҍ мунн сира
sjd20070000NEA_vinogradova-i2007a-36Vuujna_06.wav,чазь альн нючка пырс пырс ёра
sjd20070000NEA_vinogradova-i2007a-36Vuujna_07.wav,эххт ми мыннӭ ли чофта жоалль
sjd20070000NEA_vinogradova-i2007a-36Vuujna_08.wav,эмм матҍ соарнънэ
sjd20070000NEA_vinogradova-i2007a-36Vuujna_09.wav,мунн ля мулльй
sjd20070000NEA_vinogradova-i2007a-36Vuujna_10.wav,ке ля мугка мунн
sjd20070000NEA_vinogradova-i2007a-36Vuujna_11.wav,аррьвдэгке тыйй
sjd20070000NEA_vinogradova-i2007a-36Vuujna_12.wav,кулль
sjd20070000NEA_vinogradova-i2007a-37Njucchkej_01.wav,нюччкэй вугкесь наввтэньч
sjd20070000NEA_vinogradova-i2007a-37Njucchkej_02.wav,пезь альн сонн ялл
sjd20070000NEA_vinogradova-i2007a-37Njucchkej_03.wav,пялья лев сонэсьт гу уййва
sjd20070000NEA_vinogradova-i2007a-37Njucchkej_04.wav,ли сонэсьт кугкесь вугкесь сеййп
sjd20070000NEA_vinogradova-i2007a-37Njucchkej_05.wav,нюччк сонн поалльтэ еллье
sjd20070000NEA_vinogradova-i2007a-37Njucchkej_06.wav,паяс самэ ладдҍв эл
sjd20070000NEA_vinogradova-i2007a-37Njucchkej_07.wav,рыссъясьт рыссье эл
sjd20070000NEA_vinogradova-i2007a-37Njucchkej_08.wav,кузэсьт пезь эл
sjd20070000NEA_vinogradova-i2007a-37Njucchkej_09.wav,самэ ладдҍв эл ышшт сонн
sjd20070000NEA_vinogradova-i2007a-37Njucchkej_10.wav,пацкэдтҍ каццькаст
sjd20070000NEA_vinogradova-i2007a-37Njucchkej_11.wav,нюччкэй навта
sjd20070000NEA_vinogradova-i2007a-37Njucchkej_12.wav,ке нэммдаһт мыннӭ ке ли сонн
sjd20070000NEA_vinogradova-i2007a-37Njucchkej_13.wav,вуэррьва
sjd20070000NEA_vinogradova-i2007a-38Soon_01.wav,сон баяс мушштал
sjd20070000NEA_vinogradova-i2007a-38Soon_02.wav,чассэтҍ тагкмушш
sjd20070000NEA_vinogradova-i2007a-38Soon_03.wav,лышэ тонн руэкхэкь
sjd20070000NEA_vinogradova-i2007a-38Soon_04.wav,э сонн поалльтэ ё ли
sjd20070000NEA_vinogradova-i2007a-38Soon_05.wav,э лянньч тонэнҍ сонн
sjd20070000NEA_vinogradova-i2007a-38Soon_06.wav,веззьдэ я югке саесьт
sjd20070000NEA_vinogradova-i2007a-38Soon_07.wav,покэ пуднэдтмэнҍ тонн
sjd20070000NEA_vinogradova-i2007a-38Soon_08.wav,эгк коаммэльт вуэдтӭ
sjd20070000NEA_vinogradova-i2007a-38Soon_09.wav,милкнесьт ый пуэдтҍмэнҍ
sjd20070000NEA_vinogradova-i2007a-38Soon_10.wav,кадт айнханна танна сонн
sjd20070000NEA_vinogradova-i2007a-38Soon_11.wav,инцэ шаннт
sjd20070000NEA_vinogradova-i2007a-38Soon_12.wav,сонн аввта уккьсэ тагкал
sjd20070000NEA_vinogradova-i2007a-38Soon_13.wav,тедак ле ми тэдта ли
sjd20070000NEA_vinogradova-i2007a-38Soon_14.wav,пеййв
sjd2007000NEA_vinogradova-i2007a-39Mii_01.wav,ми мугка коалль шаренч
sjd2007000NEA_vinogradova-i2007a-39Mii_02.wav,альм милльтэ гулльядт
sjd2007000NEA_vinogradova-i2007a-39Mii_03.wav,баллҍяһт сонн минэтҍ тонэнҍ
sjd2007000NEA_vinogradova-i2007a-39Mii_04.wav,еммьне оавтант
sjd2007000NEA_vinogradova-i2007a-39Mii_05.wav,пугк навтатҍ я пыззгатҍ оаввтласт мин чарэсьт
sjd2007000NEA_vinogradova-i2007a-39Mii_06.wav,нэммдасьт удла ке ли сонн
sjd2007000NEA_vinogradova-i2007a-39Mii_07.wav,тэдта ведтҍ элля лосса
sjd2007000NEA_vinogradova-i2007a-39Mii_08.wav,пеййв
sjd20070421NEA_kudckullj_01.wav,ке коз аллькэ кез аллькэпь реклама дэнн лыһкэ
sjd20070421NEA_kudckullj_02.wav,Меһкал тарьм вусьтэ луз ну сулль луз
sjd20070421NEA_kudckullj_03.wav,элля мунн киче штэ кай мильтэ тэст эйй кусстай тэст элля шигк кулль
sjd20070421NEA_kudckullj_04.wav,кусстай штэ сонн куйкнэ кулль дэдт ли
sjd20070421NEA_kudckullj_05.wav,я мунн сонн тэсьт оарр мунн валльтэ рувьтэгуэйм персэ пымме дэнн
sjd20070421NEA_kudckullj_06.wav,э оарр сарна
sjd20070421NEA_kudckullj_07.wav,касьт тэдт газ дэдт элькэ газ апс
sjd20070421NEA_kudckullj_08.wav,выльшхэла тэйдта лев пугк каһтэ эххт
sjd20070421NEA_kudckullj_09.wav,эххт саесьт толл пуаллт тэдт ли ав
sjd20070421NEA_kudckullj_10.wav,но газ аппс эмм вуэй ни коххт тэнн соннӭ кежя мэйт не
sjd20070421NEA_kudckullj_11.wav,сонн валльтэ куленҍ аппьсэ цяллһк кулль апс
sjd20070421NEA_kudckullj_12.wav,элля пу Мэһкал эллий пуццкъя
sjd20070421NEA_kudckullj_13.wav,мунн юртэ сонн пуццькэй
sjd20070421NEA_kudckullj_14.wav,паррьшя рошкэнь
sjd20070421NEA_kudckullj_15.wav,паррьшя рошкэнь
sjd20070421NEA_kudckullj_16.wav,тэль сарна ээ куленҍ пайшэ едтэ нелльй куска
sjd20070421NEA_kudckullj_17.wav,юрта сонн по поарр
sjd20070421NEA_kudckullj_18.wav,мунн иджь то юрта мунн эмм альк тэнн куль поррэ вуайй
sjd20070421NEA_kudckullj_19.wav,тэнныгкэ рай поррэ
sjd20070421NEA_kudckullj_20.wav,элля мо лакь кежя манҍтэ лафькэсьт ляй куль дэнн вуэсьтэ сонн Цяллһк ну тамьпэ тамьпэ
sjd20070421NEA_kudckullj_21.wav,нымьпэльт кяййн касьт ли магазин птица ага
sjd20070421NEA_kudckullj_22.wav,танна тяда
sjd20070421NEA_kudckullj_23.wav,сарна чек тэдт ли дак вуайй
sjd20070421NEA_kudckullj_24.wav,куль тогэ выгкэ сонн эйй вышшма вуллькэ а мыннӭ элля асст
sjd20070421NEA_kudckullj_25.wav,мунн сарна вуайй выгкэ сыйй анньтев ересь верс куль дэнне
sjd20070421NEA_kudckullj_26.wav,на пай шэ мыйй
sjd20070421NEA_kudckullj_27.wav,мунн сарна ладна мунн танна кыпта тэнн мыйй
sjd20070421NEA_kudckullj_28.wav,воальтэ кастрюля сыз кыппьтэ
sjd20070421NEA_kudckullj_29.wav,сонн порэ я мунн порсэст
sjd20070421NEA_kudckullj_30.wav,тэль куль дэннэ
sjd20070421NEA_kudckullj_31.wav,эллмлака аппс газ
sjd20070421NEA_kudckullj_32.wav,ко касьт
sjd20070421NEA_kudckullj_33.wav,газ тэнна пыяк ныдтҍ кулль дэдт аппс
sjd20070421NEA_kudckullj_34.wav,вуая тоннӭ аввьтэ апсак
sjd20070421NEA_kudckullj_35.wav,сонн куһт вер восстэл пыдте шиг кулль ли
sjd20070421NEA_kudckullj_36.wav,ваннь сулль ли тэсьт тэсьт шэ ли ваннь сулль
sjd20070421NEA_kudckullj_37.wav,Навернэ тэнн куль поаһк саесьт
sjd20070421NEA_kudckullj_38.wav,вуйнас ли тогэ поапла ву
sjd20070421NEA_kudckullj_39.wav,вуйй еннэ ли кулесьт а а лэгк манн штэ нюнне быдт
sjd20070421NEA_kudckullj_40.wav,тэль нэ тэһплэ
sjd20070421NEA_kudckullj_41.wav,на выгкэ тогэ мунн алка саррнэ синэгуэйм синэтҍ вяһаш
sjd20070421NEA_kudckullj_42.wav,ван ванас ванас быдт сурькэһтэ сыйе
sjd20070421NEA_kudckullj_43.wav,оллмэтҍ мыгкэв ладна
sjd20070421NEA_kudckullj_44.wav,ке ваптэгк оллмэ лев сыйй олкэс вял
sjd20070421NEA_kudckullj_45.wav,а мыннӭ быдт мунн тэнн верьт теӈӈҍкэ маккьсэ я поррэ эйй вуэй
sjd20070421NEA_kudckullj_46.wav,сонн пай шэ кыпптэй куль дэнн поррэй
sjd20070421NEA_kudckullj_47.wav,на куэссь кыппьтэв дак
sjd20070421NEA_kudckullj_48.wav,поарэнь денн олкэс уйтэ лэгк та
sjd20070421NEA_kudckullj_49.wav,и все равно
sjd20070421NEA_kudckullj_50.wav,сонн элля мудтхе мудтхе тэдт мудта налла ли
sjd20070421NEA_kudckullj_51.wav,а тэдт зоабэль кудцкулль куцкэй
sjd20070421NEA_kudckullj_52.wav,кулль дэдт ли ниввьляй оллмае
sjd20070421NEA_kudckullj_53.wav,тонн самас мушштэл мэнн пай рушас ты пальпсак
sjd20070421NEA_kudckullj_54.wav,мунн Мэһкле муштлэ штэ минэнҍ лийенҍ мугка нызан кегк шоабшэнҍ кудц куль поррэ
sjd20070421NEA_kudckullj_55.wav,Хилькевич Тайсск ляйй
sjd20070421NEA_kudckullj_56.wav,Макрида Захарова
sjd20070421NEA_kudckullj_57.wav,куэссь мыйй сун суйнэтҍ коссэ водтадтемь поррэ элля мэнн
sjd20070421NEA_kudckullj_58.wav,нанҍтэм куль порэ да кудц куль
sjd20070421NEA_kudckullj_59.wav,эйй суэллэд
sjd20070421NEA_kudckullj_60.wav,а мудта касьт
sjd20070421NEA_kudckullj_61.wav,ну нюнь быдт тэһпе ныдтҍ поррэ тэнн куль
sjd20070421NEA_kudckullj_62.wav,ну архангельские шоабшэв поррэ кудцкуль дэгк
sjd20070421NEA_kudckullj_63.wav,Мэһкале вуай поррэ кудц кулетҍ Нина тонн эгк пор кудц куль
sjd20070421NEA_kudckullj_64.wav,порак эгк пор
sjd20061212NEA_ryhp_01.wav,мыйй адтҍ аллькэпь
sjd20061212NEA_ryhp_02.wav,тэнна
sjd20061212NEA_ryhp_03.wav,талльв лоанҍт аллькэпь чи
sjd20061212NEA_ryhp_04.wav,чисстэдтэ
sjd20061212NEA_ryhp_05.wav,тэдт ли рыһп уйнак
sjd20061212NEA_ryhp_06.wav,талльв рыбпэнч ли
sjd20061212NEA_ryhp_07.wav,тю ли тю ли тю ли уйнак
sjd20061212NEA_ryhp_08.wav,те тэдта рыбп рыһпбяка ли
sjd20061212NEA_ryhp_09.wav,элля кеа элля киҏҏк
sjd20061212NEA_ryhp_10.wav,киҏкэсьт ли чалльм руппсэ
sjd20061212NEA_ryhp_11.wav,тэсьт чальм евла руппсэ уйнак
sjd20061212NEA_ryhp_12.wav,нюнӓ ли манҍтэ моджэ
sjd20061212NEA_ryhp_13.wav,вуэйв дэнн мурьтэ
sjd20061212NEA_ryhp_14.wav,тэгкэ лев суэй
sjd20061212NEA_ryhp_15.wav,уйнак манҍтэ шурр вилгкэс суэй лев
sjd20061212NEA_ryhp_16.wav,тэдт ли вуэййв я нюннҍ
sjd20061212NEA_ryhp_17.wav,лоаннҍт вуэййв ли сосьт ли нюннҍ
sjd20061212NEA_ryhp_18.wav,чоаһпесь нюнӓ ли
sjd20061212NEA_ryhp_19.wav,тэ куһт уйнак суэйв лев
sjd20061212NEA_ryhp_20.wav,ноа тэдт лоанҍта ванас кыррт сонн енамп вижант пай
sjd2004NEA_pearstory_73.wav,кадцесьт омпаннэ корэб милльтэ пые эввтлагка ижесь тоагэ
sjd2004NEA_pearstory_74.wav,велосипед эл
sjd2004NEA_pearstory_75.wav,я уйтэ поагэ
sjd2004NEA_pearstory_76.wav,чуһкэ милльтэ выйй караһт чуһка дэдт ли
sjd2004NEA_pearstory_77.wav,элля асфальт чуһка
sjd2004NEA_pearstory_78.wav,сыййт чуак ли
sjd2004NEA_pearstory_79.wav,еннэ кедҍке ли
sjd2004NEA_pearstory_80.wav,я ээмм вуасста соннӭ гэсь пуадт нийтэнч
sjd2004NEA_pearstory_81.wav,паррьшя нийта эл куввлей куввлей я
sjd2004NEA_pearstory_82.wav,кядка пашшэньт я
sjd2004NEA_pearstory_83.wav,ёррэ я
sjd2004NEA_pearstory_84.wav,грушэсь пук сост
sjd2004NEA_pearstory_85.wav,чуһкэ милльтэ коаммнэнҍ
sjd2004NEA_pearstory_86.wav,риппсэдтэнҍ
sjd2004NEA_pearstory_87.wav,а иджь ышштэ юльк ли чузхэ
sjd2004NEA_pearstory_88.wav,кеһч эл юлькесэнӭ чиннкудӭ
sjd2004NEA_pearstory_89.wav,я рай ваннҍцэн
sjd2004NEA_pearstory_90.wav,эйй куһкень оррэнҍ
sjd2004NEA_pearstory_91.wav,коллм паррьшишька
sjd2004NEA_pearstory_92.wav,тэгке гэсь уййнэв штэ мадт ли паррьшеньча шэннтма
sjd2004NEA_pearstory_93.wav,танна сыйй
sjd2004NEA_pearstory_94.wav,пудтӭнҍ соннӭ эллтнӭнҍ соннӭ
sjd2004NEA_pearstory_95.wav,коппчень груша дэйт пыййенҍ корэб сыз
sjd2004NEA_pearstory_96.wav,векьхенҍ соннӭ бэдтӭ штэ
sjd2004NEA_pearstory_97.wav,ев кэджьма касьт ли сонн валлтэ ев кэджь касьт ли сонн грушатҍ валлтэ
sjd2004NEA_pearstory_98.wav,иджь ли коппчма вай суэллна ли вай ми ли
sjd2004NEA_pearstory_99.wav,векьхенҍ соннӭ пыййенҍ
sjd2004NEA_pearstory_100.wav,я
sjd2004NEA_pearstory_101.wav,паррьшя эвтэс ёадт ванҍцнэлле ваннц выгк милкнэсть
sjd2004NEA_pearstory_102.wav,корэб грушагуэйм я велосипедэсенҍ выгк
sjd2004NEA_pearstory_103.wav,иджь ваннц кяййн милльтэ
sjd2004NEA_pearstory_104.wav,паррьшя
sjd2004NEA_pearstory_105.wav,тэгки гэсь коллм паррьшя ваннҍцэнҍ ээмм кар ваннҍцэв
sjd2004NEA_pearstory_106.wav,кустай штэ сост ниманьтэ туйй еввла
sjd2004NEA_pearstory_107.wav,толи сиррэв толи ваннҍцэв толи мэйт
sjd2004NEA_pearstory_108.wav,эххт паррьшя таки
sjd2004NEA_pearstory_109.wav,куайванч ку
sjd2004NEA_pearstory_110.wav,палэнҍ сирант
sjd2004NEA_pearstory_111.wav,ваннҍцэнҍ ваннҍцэнҍ
sjd2004NEA_pearstory_112.wav,тэгка коллм паррьн паррьшя я уййнэв
sjd2004NEA_pearstory_113.wav,еммьне альн чуһкэ альн валльяд сон ээ кабперь
sjd2004NEA_pearstory_114.wav,ээ ну это
sjd2004NEA_pearstory_115.wav,соломасьт лыһкма лыһкма кабперь
sjd2004NEA_pearstory_116.wav,на я ми тэнн бэдт аннҍтэ кабперь моазэ я
sjd2004NEA_pearstory_117.wav,нёлькьесьтэ
sjd2004NEA_pearstory_118.wav,эннҍтэ кидӭтҍ ээ
sjd2004NEA_pearstory_119.wav,тедхэлл сон штэ
sjd2004NEA_pearstory_120.wav,вурьтсэ бэдт сонн пыһт соннӭ кабперь
sjd2004NEA_pearstory_121.wav,оаштэ виже пыдтӭ соннӭ
sjd2004NEA_pearstory_122.wav,кабперь эннҍтэ ваннц
sjd2004NEA_pearstory_123.wav,кяййн ли кэрр куллай коххт кядка шаҏьксэв
sjd2004NEA_pearstory_124.wav,ээ юльке вульн дэ
sjd2004NEA_pearstory_125.wav,аннтэ соннӭ кабперь соннӭ эннҍтэм
sjd2004NEA_pearstory_126.wav,а тэдт гэсь
sjd2004NEA_pearstory_127.wav,су сулл паррьшишька эннҍтэ сыййе коллм грушатҍ я
sjd2004NEA_pearstory_128.wav,емп енамп эйй аннтэ уштэ эфтэ эфтэ
sjd2004NEA_pearstory_129.wav,грушатҍ ли аннтэ
sjd2004NEA_pearstory_130.wav,тэдт гэсь пудӭ моазэ юллькэтҍ ковсайе
sjd2004NEA_pearstory_131.wav,ваннҍцев
sjd2004NEA_pearstory_132.wav,ээ грушатҍ поррэв я эллтэнҍ тэнн
sjd2004NEA_pearstory_133.wav,ээмм тэнн сайе касьт олма грушатҍ коаппч
sjd2004NEA_pearstory_134.wav,а тэнн чесс олма валас ние
sjd2004NEA_pearstory_135.wav,тиввт ли фартэк каӆӆт тиввт грушатҍ коппчмэ
sjd2004NEA_pearstory_136.wav,я юррт пыйе воалант корэб пусьт курас ли тоагэ пыйе
sjd2004NEA_pearstory_137.wav,я кяһч эйй вуэй ни мэнн оантшэ
sjd2004NEA_pearstory_138.wav,коххт тельнэ выйтэ сост куһт корэб лийенҍ
sjd2004NEA_pearstory_139.wav,тиввт корэб
sjd2004NEA_pearstory_140.wav,а кудтъе ли эххт
sjd2004NEA_pearstory_141.wav,эйй куллма шэ ке рай мэннӭ и ке ли валлта эйй тидҍ ни мэнҍхэнҍ
sjd2004NEA_pearstory_142.wav,оарр тыгквэннлуввма ли
sjd2004NEA_pearstory_143.wav,ээ эйй тид мэнн лыһкэтҍ
sjd2004NEA_pearstory_144.wav,парнэ дэгке рай тэгке коллм паррьшя рай мэннӭ грушатҍ дэйт каццькев
sjd2004NEA_pearstory_145.wav,олма синэ эл кяһч я юррт
sjd2004NEA_pearstory_146.wav,на ми ли шэннтма на ми ли мугка туетҍ выйтма штэ
sjd2004NEA_pearstory_147.wav,эмм куллма ни мэнхэн а корэб грушанҍ поагэ уййтэ
sjd2004NEA_pearstory_148.wav,на тэль пугк и моайнас ли тэнн баяс
sjd2004NEA_pearstory_149.wav,на я массьт
